ที่,เลขบัตรประชาชน,วันเกิด,ชื่อคนไข้,นามสกุล,HN,เพศ,เบอร์โทร,น้ำหนัก,ส่วนสูง,รอบเอว(ซม.),ประเภทเบาหวาน กลุ่มเสี่ยง หรือ เบาหวาน (ไม่ต้องมี Type),ค่าน้ำตาลในเลือด,ค่า HbA1c ล่าสุด (ถ้ามี),โรงพยาบาล,บ้านเลขที่,หมู่ที่/ชุมชน,หมู่บ้าน,ซอย,ถนน,จังหวัด,อำเภอ,ตำบล,รหัสไปรษณีย์,ชื่อผู้ติดต่อ(ญาติ),เบอร์โทร,ความสัมพันธ์,โค้ช
1,3-9403-00175-97-0  ,26/7/2516,มายีละ     ,มะสาแม,16168,หญิง, 065-5597875  ,,,,,,,กาบัง,87,4,,,,ยะลา,กาบัง,กาบัง,95120,,,,ซูรีนา นิโซ๊ะ
2,3-9501-00068-93-2  ,7/5/2501,เสาเดาะ ,มะนอฆอ,2876,หญิง,658214337,,,,,,,กาบัง,77,4,,,,ยะลา,กาบัง,กาบัง,95120,,,,ซูรีนา นิโซ๊ะ
3,3-9403-00015-43-3  ,2/1/2504,รอสีดะ  ,มูหนะ ,8737,หญิง,080-1369268,,,,,,,กาบัง,134,4,,,,ยะลา,กาบัง,กาบัง,95121,,,,ซูรีนา นิโซ๊ะ
4,5-9507-00000-01-4  ,1/1/2514,อีเสาะ  ,สาแม ,2088,หญิง,936615709,,,,,,,กาบัง,167,4,,,,ยะลา,กาบัง,กาบัง,95122,,,,ซูรีนา นิโซ๊ะ
5,3-9505-00101-46-5  ,24/1/2523,ต่วนแย  , นิกือจิ ,11939,หญิง,656100790,,,,,,,กาบัง,16,4,,,,ยะลา,กาบัง,กาบัง,95123,,,,ซูรีนา นิโซ๊ะ
6,3-9601-00202-47-7  ,1/5/2517,มารีแย ,บากา ,7469,หญิง,,,,,,,,กาบัง,15-เม.ย.,4,,,,ยะลา,กาบัง,กาบัง,95124,,,,รอบีย๊ะ บากา
7,3-9505-00240-49-0  ,2/11/2515,รอมือละ ,เต๊ะอาปี ,963,หญิง,,,,,,,,กาบัง,18,4,,,,ยะลา,กาบัง,กาบัง,95125,,,,รอบีย๊ะ บากา
8,3-9505-00240-05-8 ,1/1/2513,รอบีย๊ะ  ,ปูโร๊ะ,1242,หญิง,089-9771678,,,,,,,กาบัง,9-มี.ค.,4,,,,ยะลา,กาบัง,กาบัง,95126,,,,รอบีย๊ะ บากา
9,3-9505-00203-51-9 ,11/1/2522,รอมือละ   ,ละยะมะ ,4510,หญิง,936216615,,,,,,,กาบัง,201,4,,,,ยะลา,กาบัง,กาบัง,95127,,,,รอบีย๊ะ บากา
